network,npz_id,n_days,Total_ves_npz,Total_inside,Total_inside_small,Inside_maneuver,Inside_maneuver_small,mean_per_day,n_used_inout,mean_overall,Inside_transit,Inside_transit_small,total_outside,total_out_small,prop_inside,prop_inside_small
Northwest,DMP,116,376,7,36,3,18,3.2413793103448274,125,0.13742690058479531,4,18,118,89,0.056,0.15384615384615385
Northwest,NMP,111,126,4,94,2,2,1.135135135135135,109,0.0481651376146789,2,92,105,15,0.03669724770642202,0.4017094017094017
South-west,GMP,91,575,1,29,0,20,6.318681318681318,390,0.2662037037037037,1,9,389,361,0.002564102564102564,0.015829694323144104
South-west,JMP,106,425,21,107,3,50,4.009433962264151,345,0.1702724358974359,18,57,324,238,0.06086956521739131,0.0584061135371179
South-west,MMP,164,4,0,0,0,0,0.024390243902439025,2,0.0010162601626016261,0,0,2,2,0,0
South-west,SWCMP,85,343,0,0,0,0,4.035294117647059,264,0.1701388888888889,0,0,264,264,0,0
South-west,TRMP,164,1109,61,327,52,272,6.762195121951219,831,0.2852366255144033,9,55,770,504,0.07340553549939831,0.1784934497816594
Temperate East,CGMP,181,1232,92,564,45,117,6.806629834254144,630,0.283609576427256,47,447,538,66,0.14603174603174604,0.4025695931477516
Temperate East,SIMP,218,1309,149,547,102,248,6.004587155963303,771,0.25019113149847094,47,299,622,224,0.1932555123216602,0.390435403283369
