network,npz_id,n_days,Total_ves_npz,Total_inside,Total_inside_small,Inside_maneuver,Inside_maneuver_small,mean_per_day,n_used_inout,mean_overall,Inside_transit,Inside_transit_small,total_outside,total_out_small,prop_inside,prop_inside_small
Northwest,DMP,116,376,7,36,3,18,3.24137931,125,0.137426901,4,18,118,89,0.056,0.153846154
Northwest,NMP,111,126,4,94,2,2,1.135135135,109,0.048165138,2,92,105,15,0.037,0.401709402
South-west,GMP,91,575,1,29,0,20,6.318681319,390,0.266203704,1,9,389,361,0.003,0.015829694
South-west,JMP,106,425,21,107,3,50,4.009433962,345,0.170272436,18,57,324,238,0.061,0.058406114
South-west,MMP,164,4,0,0,0,0,0.024390244,2,0.00101626,0,0,2,2,0.000,0
South-west,SWCMP,85,343,0,0,0,0,4.035294118,264,0.170138889,0,0,264,264,0.000,0
South-west,TRMP,164,1109,61,327,52,272,6.762195122,831,0.285236626,9,55,770,504,0.073,0.17849345
Temperate East,CGMP,181,1232,92,564,45,117,6.806629834,630,0.283609576,47,447,538,66,0.146,0.402569593
Temperate East,SIMP,218,1309,149,547,102,248,6.004587156,771,0.250191131,47,299,622,224,0.193,0.390435403
